{"cameraMode":{"drawMode":0,"name":"Shaded","section":"Shading Mode"},"sceneLighting":true,"audioPlay":false,"sceneViewState":{"m_AlwaysRefresh":false,"showFog":true,"showSkybox":true,"showFlares":true,"showImageEffects":true,"showParticleSystems":true,"showVisualEffectGraphs":true,"m_FxEnabled":true},"in2DMode":false,"pivot":{"x":-0.6386985778808594,"y":-0.3704831600189209,"z":-0.8474876880645752},"rotation":{"x":-0.36937814950942995,"y":0.25740155577659609,"z":-0.1072523295879364,"w":-0.8864598870277405},"size":1.9444193840026856,"orthographic":false}